{"cameraMode":{"drawMode":0,"name":"Shaded","section":"Shading Mode"},"sceneLighting":true,"audioPlay":false,"sceneViewState":{"m_AlwaysRefresh":false,"showFog":true,"showSkybox":true,"showFlares":true,"showImageEffects":true,"showParticleSystems":true,"showVisualEffectGraphs":true,"m_FxEnabled":true},"in2DMode":false,"pivot":{"x":-10.649298667907715,"y":0.7866286039352417,"z":-16.65422821044922},"rotation":{"x":0.16816124320030213,"y":-0.23411330580711366,"z":0.04115185886621475,"w":0.9566701650619507},"size":0.869909942150116,"orthographic":false}