{"cameraMode":{"drawMode":0,"name":"Shaded","section":"Shading Mode"},"sceneLighting":true,"audioPlay":false,"sceneViewState":{"m_AlwaysRefresh":false,"showFog":true,"showSkybox":true,"showFlares":true,"showImageEffects":true,"showParticleSystems":true,"showVisualEffectGraphs":true,"m_FxEnabled":true},"in2DMode":false,"pivot":{"x":1.0648698806762696,"y":0.06601616740226746,"z":0.9727449417114258},"rotation":{"x":0.16816124320030213,"y":-0.23411330580711366,"z":0.04115185886621475,"w":0.9566701650619507},"size":0.2589119076728821,"orthographic":false}