{"cameraMode":{"drawMode":0,"name":"Shaded","section":"Shading Mode"},"sceneLighting":true,"audioPlay":false,"sceneViewState":{"m_AlwaysRefresh":false,"showFog":true,"showSkybox":true,"showFlares":true,"showImageEffects":true,"showParticleSystems":true,"showVisualEffectGraphs":true,"m_FxEnabled":true},"in2DMode":false,"pivot":{"x":1.0370279550552369,"y":1.5538808107376099,"z":-1.5431054830551148},"rotation":{"x":0.006460780743509531,"y":-0.21108689904212953,"z":0.001394494785927236,"w":0.977448046207428},"size":0.8436052203178406,"orthographic":false}