{"cameraMode":{"drawMode":0,"name":"Shaded","section":"Shading Mode"},"sceneLighting":true,"audioPlay":false,"sceneViewState":{"m_AlwaysRefresh":false,"showFog":true,"showSkybox":true,"showFlares":true,"showImageEffects":true,"showParticleSystems":true,"showVisualEffectGraphs":true,"m_FxEnabled":true},"in2DMode":false,"pivot":{"x":-1.4015812873840333,"y":1.3712705373764039,"z":-1.6723037958145142},"rotation":{"x":-0.01511303335428238,"y":-0.6941128969192505,"z":-0.014578510075807572,"w":0.7195618152618408},"size":2.3100199699401857,"orthographic":false}